<?xml version="1.0" encoding="UTF-8"?>
<root>
  <item name="com.anysoftkeyboard.nextword.Utils java.lang.String getNextWordSuggestionAggressivenessFromPrefs(android.content.res.Resources, android.content.SharedPreferences)">
    <annotation name="android.support.annotation.StringDef">
      <val name="value" val="{com.anysoftkeyboard.nextword.Utils.NEXT_WORD_SUGGESTION_AGGRESSIVENESS_MINIMAL, com.anysoftkeyboard.nextword.Utils.NEXT_WORD_SUGGESTION_AGGRESSIVENESS_MEDIUM, com.anysoftkeyboard.nextword.Utils.NEXT_WORD_SUGGESTION_AGGRESSIVENESS_MAXIMUM}" />
    </annotation>
  </item>
  <item name="com.anysoftkeyboard.nextword.Utils java.lang.String getNextWordSuggestionTypeFromPrefs(android.content.res.Resources, android.content.SharedPreferences)">
    <annotation name="android.support.annotation.StringDef">
      <val name="value" val="{com.anysoftkeyboard.nextword.Utils.NEXT_WORD_SUGGESTION_OFF, com.anysoftkeyboard.nextword.Utils.NEXT_WORD_SUGGESTION_WORDS, com.anysoftkeyboard.nextword.Utils.NEXT_WORD_SUGGESTION_WORDS_AND_PUNCTUATIONS}" />
    </annotation>
  </item>
</root>

